author,date,year,helpful_votes,content,source
平阪,2025-11-25,2025,0,カジュアル、かオシャレできめる。最近大きめの商品が多いです。小柄なアイテムも取り入れるべきだとおもいます。,google_play_android
a,2025-11-24,2025,0,基礎登録から、進めずエラー表示が出ます。 一晩置きましたが変わらずエラーなのでアプデをお願いします。,google_play_android
Shigeki Nishimura,2025-11-23,2025,0,バナーが消えない,google_play_android
tk nk,2025-11-15,2025,9,非常に助かるアプリだったのですが、1ヶ月前くらいから「あなたへのオススメ」に、女児や若い女性、全くいいねをつけた事もないジャンルの男性ファッションが流れてくるようになりました。以前はそんなことなかったのに。しかもそれらの全てに「この投稿に興味がない」を押してるのですが全く、ちっとも、ほんのちょっぴりも改善されません。(それどころか興味無いを押したユーザーが何度も表示される) 以前まで機能していたことを考えると運営上の怠慢だとは思えないので何かしらおかしいのだと思います。こちらは何も操作していません。直してください。,google_play_android
ぷにぷにコキンコキン,2025-11-14,2025,0,ジャンルが少なく感じた…,google_play_android
s,2025-11-07,2025,1,せっかく5枚選んだのに画面真っ白になって草 何も動かない,google_play_android
ほーりー,2025-10-31,2025,11,アイテムをZOZOTOWNで検索しやすい点はいいと思います。 一方でおすすめで出てくるファッションが独特で異質なものが出すぎです。 鬼滅の童磨かと思われるよなダボダボのパンツスタイルが多数出てきたり、アウターもポンチョのようなモデルの方次第な組み合わせが多すぎます。 また、アニメやゲームをモチーフにしたファッションとか全然モチーフとあって無さすぎで？？？としか思えない無理やりなファッションセンスはドン引きレベルです。,google_play_android
M C,2025-10-24,2025,5,ファッションに詳しくないしセンスもない人間から見ても、（多くのレビューで言われているように）最初に5枚選択する好みのファッション画像が貧相でした。服のデザインが異なるだけで、組み合わせやシルエットは同系統ばかりです。たとえばボトムスだと、私は動きやすいアンクル丈のテーパードパンツが一番好きですが、出てくるのはダボダボでかかとが隠れる丈のパンツばかりです。全体的にガーリーとかカジュアル？なものばかりで、オフィスカジュアルやコンサバ系はほぼありません。こんなのよりブランドのモデルやマネキンを真似たほうが決めやすいと思いました。 今どきはブランドのサイトで骨格タイプに合うコーディネートも特集しているし、服にこだわりもないので入れるだけ無駄でした。,google_play_android
Vu Vu,2025-10-18,2025,6,アプリをダウンロードしてスタートすると、５枚好きなコーディネートを選ばないと次に進めませんが… だったら、もっと沢山の方のコーディネートを選べるようにしてください。あんな少しの画像の中から好きなのを５枚選んで…って言われても、全く好きなコーディネートがないです。選べません。選べないから次にも進めません。,google_play_android
mマコト,2025-10-15,2025,1,ログイン出来ない,google_play_android
山﨑龍一,2025-10-04,2025,0,とても参考になりました!,google_play_android
正直レビュー（本音）,2025-10-04,2025,4,Yahoo!フリマで出品できるみたいですが画像がカメラでもアルバムでもアップできず出品ができないけど問合せ先がなく困ってます カメラの権限もしてるしYahoo!フリマとも連携してるのに？ ZOZOTOWNで買い物したことはないけどYahoo!フリマやってるので連携ができるので断捨離とかできるのがありがたい まだここから経由ではフリマに出してないけど コーディネートはかなり若い人向きですね 参考には全くならないです あくまでもクローゼットとして利用します ユにク□の似たようなアプリよりは全然マシ,google_play_android
Lan Matsu,2025-10-01,2025,1,とても自分の好みにあった服がめちゃめちゃ見つかる,google_play_android
中太郎族,2025-09-20,2025,4,インスタやTikTokに流れたことによりユーザー数減少、同じようなスタイルの投稿しか表示されなくなりさらにオワコン化。 これに焦ったのか抜本的なUIの改革を行ったものの古参ユーザーから不満爆発。 あとはいつまでサービスが続くか時間の問題。,google_play_android
aya max,2025-08-31,2025,1,最近アプリを起動すると画面が重くなりフリーズ、からの強制終了になります。何とかして,google_play_android
野比のび太,2025-08-25,2025,3,どんな服装が似合うのか、自身のコーディネー卜の参考になれば…。みたいなアプリみたいだけど、結局、モデルさんのスタイルが良いか、もしくは、体型が似通ってて、正直参考にならなかった。ただただ同じ様な人が、同じ様な決めポーズしてるのを延々と見せられているイメージでした。ユニク○とか、G○みたいなビラでも見てた方がマシな気がした。,google_play_android
Mutsumi Wada,2025-08-23,2025,6,検索がすごく難しい　ほしいものが全然表示されない　webはほしいものが表示されるのに、同じにしてほしい,google_play_android
おおおお,2025-08-16,2025,1,自分には意味が無いアプリだった,google_play_android
マイクロシュークリーム,2025-08-09,2025,3,ZOZOとの連携がゴミ,google_play_android
ねこさまB,2025-07-29,2025,5,最初に好きなコーデを５こ選ぶとこで、似たり寄った過ぎてどう頑張っても３こしか選べずアンストしたww,google_play_android
あんこもち,2025-07-28,2025,5,コーデの情報が欲しいだけでメイクとかヘアアレンジ投稿が多すぎる不要。ホームで診断結果以外のトレンドも見たいのに顔面投稿が多すぎて邪魔に感じる。WEARって言うくらいだし服のコーデ限定にして欲しい。コーデや流行りの参考になるのでその辺は気に入ってる。,google_play_android
じん,2025-07-27,2025,2,会社名はZOZOだし住所も日本になってるけど、センスが中共？それにしても古い……。,google_play_android
kurea,2025-07-23,2025,0,メール認証できません,google_play_android
えー,2025-07-14,2025,42,概ね満足していますが、おすすめに表示されるのが動画ばかりで困ります。 画像のほうが見たいので、カテゴリを分けていただくか、フィルターをかけられる仕様にしてほしいです。,google_play_android
坪井利次,2025-07-06,2025,3,最初に自分のファッションの傾向がわかって良かったがその後全然使わないアプリ,google_play_android
C O,2025-07-01,2025,9,最初の「好きなコーデを5枚以上選んでください」のところで、好きなコーデが1枚もなくて詰みました。 なんでこんなオーバーサイズのだっさいコーデしかないの？,google_play_android
dots com gmail,2025-06-28,2025,4,この広告、何回も出てきて長いしダルい,google_play_android
jmp adg,2025-06-21,2025,5,20代〜30代前半向けのアプリって感じ つまらん,google_play_android
よう,2025-06-16,2025,4,UI周り変わってだいぶ見てて楽しいアプリになったんだけど、いつになったらWEARからZOZOTOWNのアプリに飛べるようになるんだ…ブラウザで開くのログイン切れてるしめんどすぎる,google_play_android
中村俊耶,2025-05-30,2025,0,ZOZOTOWNに飛ぶ時、アプリの方に連携して欲しかった,google_play_android
やま,2025-05-24,2025,27,自分の好みのファッションを探し出せて便利です！でも、私的には動画機能が必要ないのでせめてカテゴリを分けるか、設定で表示しないようにできたら嬉しいです。,google_play_android
Y Mr,2025-05-20,2025,6,最初の画面（好きなファッションを5枚選ぶやつ）。参考にしたいファッションがないので、アンインストールしました,google_play_android
さえか,2025-05-14,2025,6,読み込みエラーが頻発して、マイページにたどり着けない。 戻るボタンで戻りすぎる。,google_play_android
猪俣創介,2025-05-08,2025,3,害悪広告消して下さい。,google_play_android
Kento Nishiyama,2025-04-30,2025,1,大学生におすすめ,google_play_android
MGm M,2025-04-30,2025,4,要望です 検索結果を3列から2列にしてもらえませんか？ または表示選択できるように 小さくて見にくいです あなたへのおすすめやフォロー中と同じにしてほしいです,google_play_android
森口愛那,2025-04-28,2025,11,写真を見たいのに動画しか出てこなくなってとても不便です,google_play_android
はら,2025-04-28,2025,5,ログインしろってポップアップしつこいからアンインストールした。 後、ZOZOTOWNに既に載ってる服ばかり出てくる。,google_play_android
笠井凪,2025-04-25,2025,0,参考になるものばかりで助かりました！,google_play_android
本田弘美,2025-04-19,2025,0,よろしくお願いします,google_play_android
-,2025-04-14,2025,6,好きなコーデが2枚しかなく先に進めなかった…,google_play_android
梅雨梅子,2025-04-02,2025,5,好きなコーデと似合うコーデが違う人間なのでアプリのコンセプトと合わなかった。,google_play_android
Choko,2025-03-26,2025,15,動画は興味ないからトップページに載せない設定が出来るように改善して欲しい。 画像で確認したいのに動画がUPされるからサイトを開くのすら億劫になってきた。,google_play_android
樋口奏葉（ことは）,2025-03-17,2025,5,すごく詳しく分析してくれて、自分に合った服、好きな系統を見つけ出してくれるので少しオシャレさんになった気がします！,google_play_android
今北悟,2025-03-04,2025,2,私の中でも、特に気に入ってる 数々の コーディネートが様々にあるので とても気に入ってます！,google_play_android
Yai T,2025-02-28,2025,5,いいねしたやつ見れないのまじで不便。二度と見れないじゃん,google_play_android
平野すず,2025-02-22,2025,2,探している商品がないです。,google_play_android
Asa O,2025-02-08,2025,0,アプリをAndroidで起動すると、表示が切れて最初のスタイル診断から先に進めないのですが、どうしたら良いのでょうか?,google_play_android
時間歩考,2025-02-05,2025,2,好きなスタイルがないので先に進めない,google_play_android
mogu mogu,2025-02-05,2025,8,いつになったらマイページが読み込めるようになるのか？手持ちの服は登録できてもクローゼットが見られないのでは意味がない。,google_play_android
Mat Kanmuu,2025-01-30,2025,5,なぜ「ZOZOTownで探す」ボタンを押すとWebページに飛ぶ？そこはアプリが立ち上がるんだろ！ユナイテッドアローズの方はちゃんとアプリ立ち上がるよ？,google_play_android
Aqua,2025-01-28,2025,3,年齢で検索できない意味がない,google_play_android
KAMI,2025-01-26,2025,5,どれも崩しすぎてて好きなファッションがひとつもなかった(笑),google_play_android
Tomoyuki Funakoshi,2025-01-10,2025,1,アプリは参考になる。自分は同じコーディネートだよ。,google_play_android
トマト,2025-01-01,2025,1,Galaxyから写真の投稿をしようとすると写真の画質が荒くなり服の質感が分かりにくくなる iPhoneのときはそんなこと無かった 早めに対象して欲しい,google_play_android
tomu,2024-12-31,2024,0,音が消せない。アプデで画像が表示されなくなった。使えない,google_play_android
何がですか?,2024-12-25,2024,2,好きなコーデを5つ選べで2つしかないので先に進まない,google_play_android
夏杞,2024-12-18,2024,2,一昨日に初めてインストールさせていただいたのですがログインするとアプリが落ちます。再度インストールし直してログインをしても改善せずです。容量やバージョン？など問題ないはずなのですが…,google_play_android
Kawmotn Kazuhiko,2024-12-17,2024,2,急にアプリ開けなくなりました。 なんとかしてください,google_play_android
lion mushang,2024-12-17,2024,21,自身のファッションアイテムの確認、日々の記録として利用しています 自分から積極的に行動を起こさないと繋がらない、拡がらないアプリです 💮不具合がある時は、アプリ内のマイページから運営側に報告すると対処してもらえます ⚠️投稿ゼロなのにフォロワーがいたり、投稿数とフォロワー数のバランスが不自然だったり、撮影場所や撮影方法、画像のクオリティーに疑問を感じる人が、ランキング上位になっていたり、数日間でイイね👍の数が百以上も急激に減少したり、不可解なことが多い ⚠️アプリ内の画像編集機能を使うと画質が落ちる ⚠️マイクローゼットに登録済みのアイテムは、投稿後、消去できないし、使用期限が設けられているので、画像が消えてしまう ⚠️クローゼット登録、投稿時のアイテム検索機能が使いにくい ⚠️不要な画像を取り込んでしまうため、アルバムの容量もくうし、アプリも重くなる,google_play_android
ケーＫei,2024-12-16,2024,8,アップデートしたら入れなくなりアンインストールから再インストールしても入れません めっちゃ困るので早く対応してください,google_play_android
にしの,2024-12-16,2024,4,Galaxy Z Flip 6を使用しているが、ログインした後に勝手にアプリ落ちる。その後は何回やってもアプリ起動できない。,google_play_android
小林彩菜,2024-12-14,2024,0,おしゃれ好きなのに、おしゃれセンスいまいちのわたし。いいアイディアをいただけます。ありがたい😃 髪型も参考にしてます。,google_play_android
bonta,2024-12-11,2024,10,自分の服の好みの系統は何となく把握はしていたものの、それに近い系統の参考にしていたファッション誌が廃刊になってしまい情報収集のために久々にインストール。 するとびっくり、診断で見事に自分の好みの系統を言語化してくれてまさにストライクゾーンのコーデをおすすめしてくれる！！ これはもうファッション誌はほとんど参考にしなくなるやもしれない😂,google_play_android
jslm ecct,2024-12-02,2024,129,大規模なリニューアルから相当日数が経過しましたので、改めて評価します。 ファッション特化アプリの割には、旬のアイテムやトレンドのスタイルには遠い内容で「いつまでも同じ様なスタイルの同じユーザー同士が同じコミュニティ内でいいねをし合って細々と村社会を維持している」ようなアプリ。 過去に何万のフォロワーを獲得しウェアリスタになった人が投稿しているのを見ると、いいね50にも満たないように、そもそものユーザー数も少ないのが現状。 村社会に参加しないと疎外されるアプリなので、新規ユーザーは長続きしないんじゃないかな。ファッションが好きなユーザーほど、馴染めないと思う。 AI診断も精度が低い上に、系統が正しく認識されたとてユーザーも少ないので、記録用以外の使い道はないかなという印象。,google_play_android
ri a,2024-11-30,2024,14,コーディネートの参考にさせてもらっています。 以前のように、お気に入り登録する際に、指定のフォルダに保存できるようにして欲しいです。切実に... また、お気に入りフォルダを複数作成してありますが、11個までしか表示されないのが、とても不便です。 全て表示して欲しいです。 よろしくお願いします。,google_play_android
moon_june_ 75,2024-11-30,2024,61,[24/11/30更に追記]依然として、過去に作成したフォルダが全て表示されていない現象がつづいています。たくさんフォルダを作ってコーデ等を仕分けしていたはずなのですが、上部12件のフォルダのみしか表示されていません。過去に保存していたはずのコーデ等が探せなくなってしまっているので、早く改善していただきたいです。[追記]アプリが新しい仕様になってから、気に入ったアイテムやコーディネートをフォルダに入れることが出来なくなったのはどうしてでしょう。またアップデート前から登録していたフォルダも、依然として全て表示されていません。[追記終了]　自分が以前登録したお気に入りフォルダが、最近上手く全て表示されていない現象が起こっています。以前登録したコーディネートなどが見つけれなくなっているので、改善していただきたいです。,google_play_android
塚本美佐,2024-11-30,2024,0,以前の方が見やすかったです。,google_play_android
桑原均,2024-11-23,2024,0,よくなる。,google_play_android
Masamune Ohno,2024-11-20,2024,1,好みに沿って表示してくれる,google_play_android
まさなお,2024-11-13,2024,0,楽しいです！コーディネートの参考にもなる。,google_play_android
Shimeji mushroom,2024-11-06,2024,0,診断しないと使えない。,google_play_android
仲山治,2024-11-06,2024,0,コーデで悩むことが減りました。,google_play_android
前田裕雅（sugar）,2024-11-03,2024,0,控えめに言って最高(๑´ﾛ`๑)～♪❤️,google_play_android
3nb28 akmayu,2024-10-29,2024,0,地味かオシャレすぎるかどっちかって感じ。女性雑誌で見かけるような大人可愛いとかがなくて使えなかった。,google_play_android
シンシン,2024-10-25,2024,0,まったりrovtski,google_play_android
たてのみわこ,2024-10-20,2024,0,🌳,google_play_android
S,2024-10-19,2024,0,エラーで投稿できない,google_play_android
いとうはるか,2024-10-17,2024,46,絞り込み機能が残念 絞り込み機能が使いにくいせいで、アプリの良さが半減してる。年齢や身長が5刻みで1つしか選択できないので不便。例えば身長は「160cm以下」とか「148〜158cm」のように柔軟に絞り込みできるようにして欲しい。 たくさんのファッションのデータがあるのだから柔軟に絞り込みできなければ、見たい情報にたどり着けない。残念。,google_play_android
さしすせそ,2024-10-09,2024,1,コーデを見たいだけなのに、ファッション診断などの操作を強制させる。 ストレスフルなアプリ。,google_play_android
ああ,2024-10-06,2024,4,忙しい時もあるんだから最初の診断みたいなのはスキップさせてください,google_play_android
高橋雅志,2024-09-28,2024,9,いつも同じ。 おすすめに流れてくるのはいつも同じで何度更新しても変わりません。変化がなくてつまらない。ランキングをみても大学生みたいなファッションばかり。げんじは嫌い。,google_play_android
yuma morimoto,2024-09-13,2024,0,スクロール操作に引っかかりがあって使いにくい,google_play_android
長島八千代,2024-09-10,2024,0,無料だから、いいですね。,google_play_android
やまやま,2024-09-05,2024,32,久しぶりにアプリを開いたら再生数稼ぎ用の動画や男のメイクの投稿など自分にとっては不快なコンテンツで溢れていたのでアンインストールしました。コーデ、メイク、動画でタブが分かれているなど、不快なものを目にしなくて済むUIであればまだ使えたかもしれません。,google_play_android
carlos,2024-09-01,2024,0,ナウでヤングな服はたくさんある。,google_play_android
阿部玉木,2024-09-01,2024,0,センスの良い商品がいっぱい,google_play_android
よこまゆ,2024-08-20,2024,10,気に入っていたのに急に開けなくなった？改善して下さい。追記、開けるようになりました！,google_play_android
Nes Bright,2024-08-19,2024,203,2つほど要望がございまして、お気に入りフォルダに入れる際、ハート長押しなどでその場で分類出来るような構造だと嬉しいです。(現在はデフォルトのフォルダに入ったものを後に移動するやり方でしか自分の作ったフォルダに分類できないので手間でして…)。もう一点、PCのweb版でもお気に入り機能を使えるようにして頂きたいです。PC環境ですとクリエイターさんがリファレンスなどで使ってもらえる機会が増えるかと思います！どうぞよろしくお願い致します！自分がわかってないだけで既にある機能でしたらすみません🙇‍♀️ いつも運営ありがとうございます…🙏,google_play_android
中中,2024-08-17,2024,8,おすすめ診断とか求めてないんだけど。 WEB版をオススメします,google_play_android
みずの,2024-08-16,2024,0,いつも同じ人同じ服しかオススメされないので、困る。,google_play_android
ohcomeu,2024-08-15,2024,1,ついにランキングが月間を選べなくなったり、いいね数も見れなくなった とにかくZOZOの服を買わせたいだけの宣伝アプリに成り下がった,google_play_android
かまどゲンゴロウ,2024-08-11,2024,1,服のブランドを選ぶと強制終了されます。,google_play_android
omc,2024-07-26,2024,0,色な品物が安く買える。,google_play_android
高本洋平,2024-07-24,2024,5,アップデートによりスキップ不可能の診断画面が展開され初回起動時に選択操作を強制されたため非常にストレスを感じました。スキップ不可能とする方針に違和感と不信感を覚えます。,google_play_android
Yupipi,2024-07-17,2024,3,手持ちの洋服やこれから手に入れたいアイテムなど、コーデの参考になって便利。 また、身長などのサイズ感もわかってとてもありがたい♡,google_play_android
e t,2024-07-16,2024,129,サイトリニューアルのアップデートにより、マイページの読み込みが出来なくなりました。 お気に入りの削除やクローゼットの編集ができません。 アプリがダメなら、せめてWEBから編集できればよいのに、全てアプリからしかできなくなり、改悪ですね。 WEBでマイページの編集ができるようにしてほしいです。,google_play_android
ねこじたさん,2024-07-13,2024,1,改悪 いちいち表示も遅いし終わってるデバックしてからリリースしてくれ,google_play_android
ナガタケイコ,2024-07-12,2024,1,ダイエットちゅうお腹が大変足が悪く歩くことが、大変、病気のため、もう6年になる、,google_play_android
mugineko,2024-07-07,2024,2,コーデ見たいだけなら広告ブロック入れてWeb版使った方がいいですよ。アプリは余計なお世話が煩わしいし広告がそれなりに邪魔です。,google_play_android
SHO KAZAN,2024-07-01,2024,2,ログインってなかったっけ？ コーデを選択しなきゃ先に進めない？ 5つも？ こんな奇抜な服装から選べないって… 5人もいないんだけどどうしたらいいの？,google_play_android
ひろし,2024-06-26,2024,16,アプリの大型アップデートのせいでいいねやお気に入りがかなり減ってしまった。 もとに戻して。,google_play_android
M1500 BL,2024-06-26,2024,0,あらら（泣）私にとっては改悪。,google_play_android
pigou,2024-06-23,2024,4,初めに好きなコーデを5つほど選ぶのですが、好きなコーデがないため消しました。,google_play_android
Coshu syu,2024-06-18,2024,65,改悪…新着順表示がどこにあるのか…そのせいでView、いいねがほぼつかなくなりました。他の人もかと、適当に探してみたら、ユーザーと関わりを持ってる人以外は皆いいねが10未満💧前から、 ショップ店員さんとか、いいねをしない載せてるだけの人は、いいねが少なく、いいねしまくる人がいいねが多いので、全く人気順とは言えません…。 それと、消したいアイテムが消せないせいでアイテムがとんでもない数で、探すのに疲れます… とにかく大幅に使いにくくなり、8年近く⁉️使ってますが、今最も使いにくいです💧 デフォルトを人気順に設定してあるのも嫌です…最近のSNSは何でもいいね数多いものや人気だけを見せたがるシステムで、それ以外は見せないような作りになってきているのがとても不快です…,google_play_android
T S,2024-06-12,2024,39,お気に入りの削除が短時間で出来るようになって使いやすくなりました。,google_play_android
苆野拓斗,2024-06-11,2024,48,ファッションについて無知な私でもカテゴリーを入れるだけで、コーデができ、持っている服も確認できるので、役に立っています。 ただ、アップデートで毎日のコーデタイトルや月ごとの絞りが無くなったため、季節関係なく全てのコーデが表示されるようになりかなり不便になりました。 また、自分のコーデタイプで見る方式になったのが不思議で仕方ないです。 正直アップデート前の方が断然使いやすかったです。,google_play_android
Run,2024-06-11,2024,13,皆がレビューしてる通り。前の方がよかった。休みの日は必ず、今日は何の日？みたいなハッシュタグを参考にしてたのにアップデートして無くなった。おすすめのコーデとか全部似たような格好だし、そうゆうのは求めてない。本当に残念。,google_play_android
rf yuusuke,2024-06-11,2024,0,突然画面が暗くなり、アプリが閉じてしまいます。,google_play_android
jee,2024-06-11,2024,8,使えるアプリから使いものにならないアプリに成り下がった。 運営も玉砕覚悟のアプデをしたんだろうから悔いはないはず。 そう、運営の予測通り使いものにならない使いたくないアプリに変更されました。 希望通りに変更されたという方にとってはHAPPYでしょうね。 それではいい噂を聞くまでしばしお別れです。 さようなら。,google_play_android
かか,2024-06-10,2024,4,何で改悪するのか理解に苦しむ。 アンインストールしました,google_play_android
里芋メンタル,2024-06-10,2024,7,モデルの奴ばっかり上位に上がっていて似たコーデばかり。昔のほうがいろんなタイプのコーデを見れたのでそっちのほうが良かった。 一般人の普段コーデが見たい。モデルのコーデなんて見栄え良くて当たり前だから面白くない。,google_play_android
ハチワレ先生,2024-06-10,2024,0,コーデをやりやすくなって嬉しいですが、出てる人らがアイドルと勘違いしてるから痛い。加工好きな変態、変な方向見てる人、絶対顔は写さない人など。 不愉快なんでブロック機能付けて欲しいです。アプリは最高です。,google_play_android
まり,2024-06-09,2024,11,久しぶりにアプリを開いたところ『好きなコーディネートを5枚以上選んでください』と表示されましたが、5枚も無いです。スキップ等させてはくれませんか？,google_play_android
大嶋由葵,2024-06-09,2024,4,あなたのおすすめが全く興味なくて困ります,google_play_android
m i,2024-06-09,2024,1,2枚以上画像を投稿しようとすると落ちる。 アイテムを選ぼうとすると落ちる。,google_play_android
Peta Pettan,2024-06-04,2024,13,自分の投稿に反応があるのが楽しかったり普通の人のおしゃれなコーデを見るのが楽しかったりしてたのですが、5月のアプデからアプリがオススメした人しか見れないような別物アプリになりさがってしまった。最悪。,google_play_android
Kaoru Endou,2024-06-02,2024,6,改悪,google_play_android
わ,2024-06-01,2024,7,インストールして最初に、服の系統を診断するために好きな服装を5枚選んでくださいとあって、これは選ぶのに助かるなー思っていましたが、選んだあと画面が白いまま一向に進まずアプリを使うことができませんでした。入れても使えず残念でした。,google_play_android
M K,2024-06-01,2024,8,アップデート後「診断をはじめる」を押さないといけなくなり、5つ写真を選んでタップすると真っ白な画面で動かなくなる。,google_play_android
Nymeria C,2024-06-01,2024,9,5月の大規模アップデート後に5→2に変更 使用しない機能が色々と追加されアプリの起動が遅くなった点、1画面で表示出来る情報量が減ってしまった為に操作量が増えてしまった点により使い辛くなってしまった,google_play_android
andy k,2024-05-31,2024,41,最悪なアップデート。 診断とかいらん。 followさんの投稿も見辛くなった。 以前の方が全然見やすい。改善してください。,google_play_android
中村ゆ,2024-05-28,2024,15,久々にログインしてみたら「おすすめ診断」とか求めてないのにやらされるし、タイムラインも以前は全て見れていたが、なぜか「おすすめのコーデ」と「フォローしてるコーデ」しか見れない。 いつもフィルター無しで全て見て、色んなジャンルを見て楽しんでいたので、この仕様変更で価値が無くなった。アンインストールしました。,google_play_android
East No.1 Tokyo,2024-05-28,2024,0,診断結果で探すのがいい感じ,google_play_android
I I,2024-05-14,2024,4,ファッション診断など新機能のアプデのお知らせが来たけど、iPhoneのみだそうで。Androidユーザーにまだですとかいつからですとか一言欲しい,google_play_android
高島咲希,2024-05-13,2024,3,以前からインストールしているものですが、ファッションジャンル診断とやらが起動しません,google_play_android
スズキシュン,2024-04-01,2024,3,服の合わせ方の模範解答が揃っているので、いつも助かっております,google_play_android
きゅるた,2024-04-01,2024,4,いいねした投稿見れないってあとから知ってそんなことある？？？？ってなったいいね見れないとかなんのためのいいねやねん。見れるようにしてください。,google_play_android
ころくっ,2024-03-19,2024,2,色んなファッション例が参考にできて良き反面、見たくない特定の投稿者を非表示・ブロック機能があれば星5でした。,google_play_android
ナカフジアサコ,2024-03-12,2024,18,ゼロからコーデを探すのに凄く良い。 自分が持ってるアイテムのコーデの参考にしたいがうまく見つけれない。,google_play_android
ナタリー,2024-02-20,2024,6,いろいろな人の、いろいろなコーディネートを見ることが出来るので、日々のコーディネートに取り入れたり、欲しいアイテムを見つけたり、楽しめてます。,google_play_android
aju kazu,2024-02-08,2024,15,すぐ、落ちる,google_play_android
ミドリカワ,2024-02-02,2024,13,ブロック機能はいつになったらつくのか。 5~6年前からずっと思っているが、いつになったらブロック（もしくはミュート）機能がつくのか。 ださい兄ちゃんやキモいおっさんは見えないようにしたいのに。 これが改善されないから使用頻度はまじで減った。 早く対応して欲しい。,google_play_android
真奈ち,2024-01-10,2024,1,気になってる人のコーデをすぐに見つけられて嬉しいデス♥️,google_play_android
みそお,2023-12-31,2023,1,再入荷全然してくんない,google_play_android
Grounded 2025,2023-12-15,2023,2,アプリからしか投稿出来ないならwebでアカウントを作らせないで欲しい。意味不明,google_play_android
Michael Filthy,2023-12-13,2023,1,参考にしたいコーデを気に入りに保存するためにはアプリ入れる必要になったので星1,google_play_android
前田優子,2023-12-13,2023,1,見たいコーデが直ぐに見られるし、とっても参考になります。,google_play_android
x D,2023-12-07,2023,10,スタイルヒントを使っていたが、 こちらの方が個々の商品の詳細も知れるし商品ページまでもごたつかずに、速やか。 使用感が丸々上位互換で感動してます( ߹~߹ )人( ;ㅇ; )感謝！！ フリマが併設されてるのも魅力です。 これからも重宝させていただきます。,google_play_android
Lock,2023-12-06,2023,20,改善してほしい点 ①特定のユーザーを非表示にできる機能 （例：絞り込みをしたあと、明らかにショップスタッフではない人の投稿が多く表示されて見づらくなってしまう）②人気順に並べる際に閲覧数が多いユーザーから表示されるようにしてほしい ③アプリを1分程度使用しているとバックグラウンド再生しているアプリが勝手に終了してしまう ④アプリを終了した際に読み込みがはいるため一時的にスマホの操作をすることができなくなる,google_play_android
op masao,2023-12-02,2023,2,ハート押した投稿が見れないのは意味不明すぎ,google_play_android
嵩大,2023-11-28,2023,5,今年からwearの投稿を始めました｡ 機能としては充実していてありがたいです ですが、投稿する際、ミラーレスのカメラで撮影したいくらいい画質でも、wearに投稿 しようとすると荒くなってしまいます｡ 友達はiPhoneで私はAndroidの スマホなのですが，僕のだけ 投稿しようとすると荒くなります｡ どれだけ頑張って良い写真をとっても 投稿したいアプリで画質が悪くなって しまっては元も子もないです。 携帯関係なく画質が担保されるよう 改善をお願いしたいですm(_ _)m 長文失礼いたしました,google_play_android
m p,2023-11-20,2023,4,トリミング方法が変わり以前より写真を載せにくくなっているため、モチベ低下でもう投稿しなくなりました。ランキング、特にメンズはもう珍獣博物館。爆笑したい人には自信をもって オススメできます！,google_play_android
あこ,2023-11-09,2023,58,投稿の際に洋服の情報を登録しようとすると絶対エラーになる。下書きに保存する前に消えるので1回では投稿できない。 そのことを運営に報告すると｢携帯を再起動させて｣「携帯の状態は最新か確認して」と言われたのでやってみたけど全く変わらなかった。 毎回ストレス。,google_play_android
金木くぅーーーん,2023-11-01,2023,6,広告が死ぬほど多いし、動画だからめちゃくちゃ邪魔。目がマジで痛くなる。写真がいっぱい載ってあるんだけど、5行進む度に広告が出てくる。やばくね？,google_play_android
Sweet WB,2023-10-28,2023,1,ブランドをまたいだコーデはとても参考になるのですが、いいねと同時にお気に入りに入れてほしいです。なぜ保存といいねをわざわざ分けているのかよくわかりません。,google_play_android
K K,2023-10-24,2023,25,かわいい・キレイ・スタイルが良い人、雰囲気が良い、とゆうのはファッション誌で良いわけで、あとは仲間内や気に入った人を褒め合ってるだけな感じ。 オシャレ、トータルコーデ、とゆう点では真似したいと参考にはなったことはありません。 流行りのものを取り入れたコーデよりジャンル別やスタイル別にして、スタイリストさんにコーデしてもらってほしい。,google_play_android
ぽめらにあーん,2023-10-21,2023,7,特定のユーザーを非表示にできる機能が欲しいです。 同じような写真を大量に載せている方がいて邪魔です。,google_play_android
静流,2023-10-03,2023,0,勉強になる,google_play_android
ちよチョコ,2023-10-01,2023,2,私は見る専なので投稿する側の意見は言えませんが、私はこのアプリは使いやすいと思います。特に変わった操作がないので困ったことはありません。,google_play_android
照屋浩二,2023-09-22,2023,0,コーデチェック,google_play_android
あゆ（あゆ）,2023-08-25,2023,1,通知が多すぎる。朝の4時とかに通知しないで欲しい。,google_play_android
青木夏,2023-08-22,2023,1,卯いつ開卯売りますイナゴあおきなつがないよう、生き方売え,google_play_android
nishi,2023-08-22,2023,1,動作がとても重い,google_play_android
松田厚,2023-08-21,2023,0,そ、？ふ柤よえお　保こか!、　　 る??します 　か、く？け,google_play_android
はな,2023-08-08,2023,6,ZOZOで服を購入することが多いので、自分のアイテム管理用に便利に使っていました。最近、手動で登録しようとすると「不正なフォーマット」とエラーが出て登録できなくなりました。改善をお願いしたいです。,google_play_android
てりやきチキン,2023-07-31,2023,25,アイテムを登録しようとすると「不正なフォーマット」と表示されて登録できない事が難点。 色んな人の着こなしを手軽に見られるのは良いところ。 一意のアイテムの着こなしよりも 大体の色とか柄とかシルエットをベースに見るほうが使いやすそう。,google_play_android
12 658,2023-07-29,2023,6,日本語フォーマットの場でフィート表記にする意味がわからない。英語版のみでいいのでは？非常に使いにくいですし、自分の身長がちょうど区分にまたがっているためにより使いにくい。せめて併記すればいいのに…,google_play_android
リコ・ロドリゲス,2023-07-23,2023,5,スクロールをするとアプリが落ちることが多々あります。またフィート表示ではなく、センチ表示に戻せるようにしてほしいです。,google_play_android
Camelo 7,2023-07-19,2023,21,・オシャレでもなんでもないのがランキング上位 ・検索機能が微妙…、過去に検索した条件を保存してくれない ・特定のアカウントを非表示にする機能がない ・コメントのやりとりが非常に寒い ・ポンドヤード法はアメリカほか数カ国しか使われていないのにフィート表記(アメリカの利用者を増やしたい) WEARが良かったのは、参考にできるコーディネートが手軽に見られることなのに、なにか勘違いしてるのではないでしょうか？ モデルやアパレル関係者のコーディネート、体型や性別毎の着こなし、特定のアイテムの使用方法が見たいのであって、素人の自己満足、承認欲求を満たす場にするのであれば、利用する意義を見い出せません。 他のSNSと存在意義が変わらないなら、私はインスタグラムを見ますので、本アプリはアンインストールします。 長年お世話になりました。,google_play_android
s 0507,2023-07-18,2023,19,アイテムを登録しようと思ったら突然「フォーマットが不正です」と出て登録できなくなった。 昨日までは問題なくできていたので改善お願いします。,google_play_android
M T,2023-07-16,2023,6,身長の表示cmに戻して下さい。ftにするの見づらいからやめて欲しいです。,google_play_android
micco,2023-07-14,2023,0,揶揄ダムだなぬーるたい揶揄つゆむなちやなきあはなかつ,google_play_android
i m,2023-07-11,2023,4,年々使いにくくなります,google_play_android
ハンカチ,2023-07-10,2023,7,なぜか身長がフィート表示なのでセンチ表示にしたいのですが設定方法がわかりません。,google_play_android
ジック,2023-07-08,2023,5,使いやすいし、センスが無いのでファッションの勉強になって助かります。,google_play_android
マア,2023-07-07,2023,0,付けないことをですねぇ？✌️？☺️。迅速とおでこにしわが,google_play_android
ひよこ,2023-07-04,2023,7,更新してから身長がフィートになりわかりにくい。設定出来るのかな。,google_play_android
青木哲也,2023-07-03,2023,6,一人で大量に変わり映えしない画像を投稿するユーザーがいるので、特定のユーザーを非表示出来る機能が欲しい,google_play_android
宿里亮,2023-06-23,2023,0,楽しい🎶,google_play_android
remory “Remory”,2023-06-14,2023,2,ちょっと検索が使いづらいのと、いいねした投稿を見返せないのが不便ですが、コーディネートの参考になるので使っています,google_play_android
T優太,2023-06-09,2023,1,パンツカテゴリーの中に「ハーフパンツ」を入れてもいいのでは無いか,google_play_android
A K,2023-05-20,2023,7,いつも使わせていただきありがとうございます！ ○良いところ 好きな系統のコーデが見つかる いいね数で自分の服の評価がわかる ファッションの世界が広がる お気に入りをまとめられる ○直してほしいところ 投稿前の編集作業で急に重くなる・画面が止まる ○気づいた点 何がトレンドかは分かりやすいけど トレンド以外のものは見つけにくい　 ・・・自分好みのコーデが流行ってないものだったら見つけにくいと思います！ こんな感じですかね🤔 でも楽しませてもらってます👍,google_play_android
ぴーちゃん,2023-05-18,2023,7,写真を簡単に拡大出来るようにしてほしい。 どんな感じなのか拡大したい時に出来ないのが不便,google_play_android
Y O,2023-04-03,2023,71,参考になるコーデがたくさんあり、いつも使わせていただいてますが、特定のユーザーを非表示にする機能がほしいと感じました。 同じタグを使い、インナーやアクセサリーを少し変えただけのような、代わり映えのないコーデを何枚も投稿するユーザーがいて、その方の投稿で一面埋まってることがあるので改善してほしいです。,google_play_android
高橋大介,2022-08-21,2022,0,投稿の確認で服が存在している確認が出来た,google_play_android
Yousuke Sakimura,2022-08-02,2022,0,上手く写真をとって写っている。,google_play_android
kaho M,2022-07-20,2022,6,メールアドレスの認証の手続きのためにURL踏んだら固まってアプリが開かなくなった、よく分からんけどゴミアプリってこと？？,google_play_android
Mackey10,2022-07-16,2022,11,とにかく見辛い。特に検索かけるたびに「男性」「女性」「キッズ」を選択して絞り込まなきゃならないのも酷い。男性女性キッズの3種類を同時に見たい人がどれだけいるのか？　あらかじめ設定できるようにしてほしい。,google_play_android
08 supreamen.,2022-07-06,2022,1,いい,google_play_android
nobby nanananaroku,2022-07-03,2022,0,重たくてまともに検索ができない…,google_play_android
JAGUAR SIGMA,2022-06-30,2022,2,画質が悪すぎて参考にならない,google_play_android
北谷啓子,2022-06-29,2022,1,色々なファッションが見れて良いです,google_play_android
S K,2022-06-29,2022,0,楽しいです！,google_play_android
F N,2022-06-29,2022,125,多分ですけど、検索で人気順にしたら日ごとの人気順ですよね。普通のランキングは1ヶ月にも切り替えられるので、検索でもできるようにして欲しいです。また、フォルダを名前で検索できると嬉しいです。,google_play_android
Roads Dragon,2022-06-13,2022,4,WEARまだやり始めたばかりですが、色々な方々のコーディネートを拝見しながら勉強させてもらっております。自身のコーディネートの写真撮りも楽しくやらせてもらっております。,google_play_android
Su*****58,2022-06-05,2022,0,広告が鬱陶しくてすぐアンインストールしました。,google_play_android
Ankhi Pambudi,2022-06-02,2022,2,コーディネートに迷った時は即このアプリを開いて参考を探しています｡ 使いやすいんだけど、いいねしたコーデを見られるようにするともっと良くなると思います｡,google_play_android
A U,2022-05-18,2022,4,「いいね」や閲覧履歴を辿れる様にして欲しい。買いたい服が沢山あったのに、余りにも初見殺しで本当に困っている。,google_play_android
西野初瞳,2022-04-28,2022,3,他のアプリでファッションを見ようとすると真似しにくいけど、wearだと一般の方がやってたりするので真似しやすいです。 お気に入りに登録すればすぐにそのコーデを見る事ができますが、いいねをするだけでは見れないのが使いづらいです。,google_play_android
??????????,2022-04-24,2022,8,ZOZOと連携してるので、購入した商品がクローゼットに入るのは助かる。ZOZO以外の購入した商品の追加ももっと簡単になれば良いのに…。商品の検索、引っかからなすぎ(笑)あとwebの方で見つけた商品をクローゼットやお気に入りに追加できないのがかなり困る。せめてその商品をそのままアプリで開ければ良いが、めっちゃ引っかからない検索なんで探せません😠,google_play_android
鈴木千代美,2022-04-18,2022,0,子供服はGoogle画像検索で！,google_play_android
no.4愛好家 gg,2022-04-14,2022,0,モデルになれますw,google_play_android
緒方千寿,2022-04-14,2022,3,トレンドファッション、トレンドヘアカラー、トレンドメイク迄、チェック出来るし、今の時代に、生き抜くヒントが、満載ですから、有り難いサービスです。,google_play_android
浦上雷太,2022-04-13,2022,0,勉強になる！,google_play_android
晋一,2022-04-09,2022,0,楽しいし、カテゴリーが細かく別れてるのがgood!,google_play_android
acura 1,2022-04-06,2022,0,何故、ダウンロードして、何故、アンインストールをしたのかすら忘れたアプリケーション,google_play_android
一般通過あざらし,2022-03-30,2022,11,すぐ重くなります。,google_play_android
あ,2022-03-03,2022,4,企業が参入しすぎて、ありきたりなファッションしか掲載されなくなった,google_play_android
ni co (nico),2022-02-28,2022,2,勝手にフォローするのやめてほしい。特に嫌いな芸能人を勝手にフォローして不愉快。嫌いな芸能人なのだから自分の操作ミスで何人もフォローすることはない。タイムラインが興味ない服で埋め尽くされる,google_play_android
Twice t,2022-02-14,2022,8,着こなしのヒントを得られ、アイテムの検索もしやすい ハートを付けたアイテムや着こなし確認できないのが残念,google_play_android
Y I,2022-02-11,2022,14,参考にならない投稿はブロックしたら非表示にして欲しい。 本当に見たくない。,google_play_android
シルビア石田,2022-02-10,2022,0,もう少しやってみないと？,google_play_android
53歳田中,2022-02-07,2022,0,おい開けんぞ はよ直せ,google_play_android
めぐみ,2022-02-07,2022,1,繰り返し停止して開けない,google_play_android
千子虎太,2022-02-01,2022,114,見易いし操作し易い、だからカタログみたいに使うのはよいです。でも、実際に販売されてるものを探したいなってなって検索してみたら…。フリーワードに設定した単語と全く関係ないアイテムが9割以上ヒットしてきてがっかりしました。コーデの参考にする時も気になるなって思ったスタイリングと明らかに関係ないのが混じってくるなど、惑わせて変な方に持ってかせないでほしい。提案はありがたいし嬉しいです、でも提案として載せているのなら検索とは別に表示してほしい。,google_play_android
大澤陽子,2022-01-28,2022,2,コーディネートの参考にもなりとっても気に入ってます。,google_play_android
1 a,2022-01-26,2022,0,1投稿につき複数写真載せられるようになったのってiOSだけ？,google_play_android
田中太郎,2022-01-15,2022,4,何年もあるアプリなので似てる商品紐付けするときに商品名くらい検索させてほしい。同じ商品と思ったらモデル違いとか多々ある,google_play_android
to,2022-01-08,2022,40,気になってる服のサイズ感やコーディネートが見れて参考になります。 ただ、お気に入りフォルダの商品を一括削除できないのが面倒です。 ZOZOTOWNと連携していて、買うのをやめたものが多い時にひとつずつ自分で選んで削除するのは一苦労です…,google_play_android
まま,2022-01-06,2022,2,ネットワークが云々で開けない。,google_play_android
藤原英朝,2022-01-03,2022,1,WEAR,google_play_android
あけモン,2021-12-23,2021,1,おしゃれなお兄さんお姉さんで見てて楽しい！,google_play_android
Y O,2021-12-16,2021,0,か方は禁止カメラ多数の洗ったか☀️加賀朝日町⁉️価格で探す。よろしくお願いしたいところでしたってカラートタンですか,google_play_android
オードリー・コッペパーン,2021-12-13,2021,6,プラスボタンが押せない。 押しても反応無し。そのため、お気に入りに入れることが出来ないため、本当に困っています。 早急に改善をよろしくお願いします。,google_play_android
ke he,2021-12-12,2021,1,プライバシーポリシーに同意できないやん。,google_play_android
Monita,2021-12-05,2021,2,ログイン出来なくなった,google_play_android
佐野史郎,2021-11-29,2021,8,アイテム検索がもう少しやりやすければ… 別の方のレビューにもあるようにコンセプトは素晴らしいですが使い勝手がよろしくないです。,google_play_android
cashmere stole,2021-11-28,2021,4,「ユーザー認証できない」と1日に何度もログインを要求される ログイン画面ではメールアドレスを記憶されるようにはなっておらず面倒が過ぎる,google_play_android
hana masaru,2021-11-28,2021,45,ランキングをたまに見ると同じアイテムを同じ日に着用してる人ばっかりですね。 新作もらったんでしょうがそのアイテムだらけのランキング見ても何も参考にならんし、ランキング入った人も他人とコーデ被って恥ずかしくないのかしらー？ 無料でもらってるから宣伝せなあかんやろーけど無関係の利用者から見ると絶対買わんという決意をしますね。 お気に入りの人のタイムライン見たり、アイテム検索は参考にしております。,google_play_android
k shino,2021-11-23,2021,2,170未満は例少ない,google_play_android
Tomoaki Sugiyama,2021-11-07,2021,6,画像が重要なアプリなのに、画像の取得ができないか遅すぎることが多い。,google_play_android
坂本敦夫（AAA）,2021-11-02,2021,0,バグが多い,google_play_android
コピソルュアラ,2021-10-29,2021,3,服の合わせ方などを見る時などにおすすめ！,google_play_android
r r,2021-10-23,2021,0,見にくい。 使い勝手がすごく悪かった。,google_play_android
白狼,2021-10-20,2021,0,オシャレな服の発見　着こなしの発見。楽しく毎日みてます。皆様素敵です。運営様感謝　いつもありがとうございます☆,google_play_android
ギターなな,2021-10-14,2021,3,投稿する際に写真を選択して、明るさなどを調節した後の画面が違う写真になっててびっくりしました。 改善できないでしょうか？,google_play_android
山口直希,2021-10-14,2021,1,とても良いみやすい,google_play_android
有未,2021-10-11,2021,0,お気に入りが表示されないんですが？,google_play_android
柴田りり菜,2021-10-06,2021,0,ファッションが大好きなので、参考になります(^_^),google_play_android
sharin,2021-10-02,2021,15,コンセプトは最高だが使い勝手は最悪なアプリ 無料だし、広告に使用感を邪魔されることはありません。使ってみてください。1文目の意味が分かります。それでもたまには使うくらいにはコンセプトは○です。,google_play_android
おちゃらけびすけっと,2021-10-02,2021,4,トンチキな服を着ている人間が多過ぎる。,google_play_android
triple slap,2021-09-28,2021,4,こっちは 急いで買う為に探してるのに ネット上で もう無い商品の 古い画像を残したままにして 買えると思わせて インストールさせ 結局、その商品は残って無い！！！ 秒でアンイン 存在の意味がわからない ゴミ 志那脳 大陸脳,google_play_android
sa 003,2021-09-18,2021,2,広告がひどい,google_play_android
くりくりるなるな,2021-09-12,2021,22,アプリの仕様自体は他の類似アプリに比べてとても使いやすい。ただ、全体公開か非公開の2択ではなく、公開先を選択できるようにして欲しい。ユーザー単位で許可選択出来れば最高だけど、せめてフォロー相手のみとか、ある程度制限された相手にだけ公開出来るような機能が欲しい。,google_play_android
歌うさぎ,2021-08-27,2021,28,色んなジャンルのおしゃれな方が沢山いてとても楽しいし良い刺激になっています✨ ランキングや今日のタグ等もあるので飽きません。 欲を言わせてもらうと、フォローした相手をフォルダー分けできたり、ハッシュタグをフォローできたりできるようになればとてもありがたいです(>人<;) アップデート等大変かと思いますがご検討宜しくお願い致します🙏💦,google_play_android
RAM RAM,2021-08-19,2021,1,よき,google_play_android
Makoto Ono,2021-08-06,2021,1,ーｌーｌ おっ,google_play_android
リョウ,2021-08-02,2021,1,電話番号でも登録できるようにして欲しいソク更新お願いします🙇‍♂️🙇‍♀️申し訳ないと思います！,google_play_android
ゴーゴーラプラス,2021-07-18,2021,0,最高です,google_play_android
ミニミニ,2021-06-27,2021,0,見やすくて使いやすいです！,google_play_android
リナ,2021-06-23,2021,19,アップデートしてから 勝手にアイテム検知してくれるんだけど、そこからのクローゼット登録アイテムが捜しにくい&探せない上にシャットダウンする。。。 ただでさえ重いんだし そういう機能いらないからもとに戻して欲しい,google_play_android
H K,2021-05-27,2021,4,ランキング上位の人たちが複数人で同じ服着てると萎えますね。PRって入れといたほうがいいんじゃないですか？,google_play_android
Ka sa,2021-05-12,2021,2,Twitter連携できない！アンドロイド版は最悪,google_play_android
Asm C,2021-05-04,2021,2,参考になって良いですが、フォルダの編集方法が若干分かりづらい気がします､､､,google_play_android
えみかりぐらし,2021-05-03,2021,1,楽しいアプリです,google_play_android
しぐまる,2021-04-30,2021,318,服選びの質があがりました。自分の本当に着たい服を選べるようになったし、これ買ってみたもののあんまり使わないな、ということがかなり少なくなりました。素敵なコーデを見ていると、自分が欲しい服やアイテムのイメージが鮮明になっていきます。身長と体型が近い方の着用画像やコーデが見られるので、自分がその服やアイテムを見につけた時のイメージがかなりしっかりイメージできる様になりましたし、コーデを考えるのが楽しくなりました。 フォローしている方のページに飛びたい時に、タップすべき箇所が小さくていつも中々1回で反応してくれないので、もう少しその箇所が押しやすくなると嬉しいなと思います𐇵,google_play_android
はなちゅん,2021-04-29,2021,21,イラストを描くときの参考にしています。最近の流行りや、検索すると私のほしいロリータ系などの服画像がたくさん出てきて、よく使っています。非常に使いやすいので、重宝しています。,google_play_android
Furuta Mayumi,2021-04-27,2021,15,他の人もご指摘の通り、キャッシュ等溜まっていると読み込みがかなり遅くなりますね。また、このアプリ自身も画像をかなり多く使用しているので、直ぐにキャッシュ等が溜まってしまって…という“負のスパイラル”に陥ってしまって、もう笑うしかない時もありまんなぁ。 私コトおじさんはおじさん達が余り載ってないので、必然若者達のコーデ参考にするのですが、当然持っているアイテムが違ったり(おじさん達の方がアイテム多く持っていると思う。←そりゃそうだ。おじさんまで生きてるからね。笑)、同アイテムでも素材が違ったりしてとても面白いでっせ！。 おじさん、やたら記憶がなくなるので=コーデのそれもなくなるので、ほぼ毎日チェックしてます。私のような軽い認知症？にはお薬より効果のあるアプリですよね〜。 有り難い！。,google_play_android
高原裕子,2021-04-25,2021,3,ほぼ、店舗関係者(ZOZOTOWNの出店者)しかいないから、店の広告にしかなってないからやめました。ZOZO自体は悪くないんですが、ZOZOのための店舗ファッション展示室みたいな？ インスタにした方がリアルな一般人のオシャレが見えるので画像のブログだなぁと。,google_play_android
Koji Fujii,2021-04-25,2021,1,何となく,google_play_android
まな,2021-04-19,2021,7,自分の手持ちの確認とそれを使って気に入ったコーデの保存用アプリ。 他人が投稿してる人気コーデはあんま参考にならない,google_play_android
ぎょだてん,2021-03-30,2021,7,勝手にログアウトされるのだけどうにかなおしていただきたい。かなりの頻度でログアウトされてだるいです。,google_play_android
catalog whole_earth_,2021-03-26,2021,0,分かりにくい→良くなった,google_play_android
長袖,2021-03-23,2021,2,お洒落になれた気がします(錯覚),google_play_android
ai ai,2021-03-21,2021,15,使いやすくて良かったのですが、広告がひどすぎます。「入園式」で洋服を探しているのに、性犯罪を扱った漫画なんて目にしたくありません。見ないようにするのですが、うっかり目に入るとひどく落ち込んでしまうのでアンインストールしました。,google_play_android
NAOMI S,2021-03-15,2021,3,自分のコーディネートをフォルダに分けたり、服から検索したりする機能が欲しいです。,google_play_android
そーしー,2021-03-12,2021,12,投稿する写真の読み込みがめちゃくちゃ遅いです治してください。めちゃくちゃイライラしてます。何かあったら早く対処する。WEARやってる人達に失礼です。それ対処出来なかったらこのアプリ造った意味ないですよ,google_play_android
小林,2021-03-08,2021,5,タイムラインの表示が大きくなった分見るのに時間がかかるので表示方法を選べるようにして戴きたいです,google_play_android
Hideyuki Okabe,2021-03-07,2021,4,zozoでアイテムを探すという際に、何故かアプリではなくブラウザを起動するのを除いては満足。,google_play_android
木村祐美子,2021-02-26,2021,0,参考になります！,google_play_android
asuka higashi,2021-02-23,2021,3,オシャレ好きさんが繋がるところです🤗もっとＷＥＡＲが好きになって、今では必要不可欠なアプリになりました◎,google_play_android
motoko sugaya,2021-02-23,2021,3,絶対に自分の好きなテイストのコーディネートを見つけられると思います。 ZOZOTOWNとも連携されていて、大変使いやすいです。,google_play_android
K H,2021-02-15,2021,11,登録画面で性別を選択し続行しようとすると(ニックネームを入れてくだだい)というアナウンスが出ますが、どこをタップしてもニックネームを入力できるところがありません。,google_play_android
R丸,2021-02-14,2021,9,楽しかったけど、歳とか似合うとか関係なく服めちゃくちゃ買ってしまうし、いいねが欲しい余りに他のユーザーに良くなくても義理でいいねしてしまうし、流行(今ならｵｰﾊﾞｰｻｲｽﾞ)を追いたくないけど流行りのものを取り入れてしまって自分を見失うので辞めました。,google_play_android
村木華音,2021-02-10,2021,7,参考になるしすごくいいのですが、もっと細かくアイテムを指定して検索できるとさらにいいです,google_play_android
佐藤,2021-02-03,2021,24,ゾゾタウンとの連携を切れるようにして欲しいです。ゾゾでお気に入りに入れた商品が、毎回自動でwearのお気に入りフォルダに登録されていて見にくいです。そのつど手動でアイテムを削除するのがとても面倒なので連携を切れるようにしてほしいです。よろしくお願い致します。,google_play_android
ro ma,2021-01-21,2021,53,再ログインできません。 ログイン後、検索にて閲覧し、お気にボタンを押したら再ログインを求められました。 (どこかで勝手にログアウトされたようです) 必要事項を入力後、ログインボタンを押すと、必要事項欄が赤くなり、欄の下部に [ネットワークに接続できません] と表示され、ログインできません。 因みにネットワークには問題ありません。(他アプリやweb、ルーター、接続にも異常ありません),google_play_android
"Mr, Snoopy",2021-01-10,2021,5,ZOZOTOWNの連携にいつも失敗するからコーデが探せないのと単純に初めて使う人にやり方を教えてくれないのきつい,google_play_android
hiro sk,2021-01-10,2021,4,ログインがすぐに切れる。Androidです,google_play_android
ryosuke imatomi,2021-01-10,2021,0,良かった,google_play_android
中村優大,2020-12-30,2020,6,便利に使わせて頂いております。ですが先日からウィジェットの更新が自動で行われません。よろしくお願いいたします。,google_play_android
petit petit,2020-12-30,2020,1,使いやすいと思います ZOZO以外にも誘致できたら もっと良いと思います,google_play_android
いわふみ,2020-12-30,2020,1,何度もログインを求められる,google_play_android
Saza,2020-12-23,2020,8,参考にしたいから色んな人の着こなしみたいけど、スワイプでページ送れないのは何で？？ アイテムはスワイプ出来るのに、何故かコーディネートは出来ない。 今時そんなSNSあるんだぁって感じ。 もしやり方があるなら教えて欲しいです。 ちなみにxiaomi redmi note 9sです。,google_play_android
小林しょう,2020-12-18,2020,1,便利です,google_play_android
ただのファン,2020-12-16,2020,3,すっごい助かってます。 コーデの幅が大幅に広がります。 ZOZOTOWNと繋がってるのも高評価です。,google_play_android
佐々木真,2020-12-09,2020,0,いや、意味は、あるさ❗☕️😏,google_play_android
ぽりぽり,2020-12-06,2020,0,勝手にログアウトされる,google_play_android
P P,2020-12-06,2020,7,コーデアップ時の服を写真から選ぶとき、画像が小さく見辛いのでズームできるような工夫をしてほしいです。 それ以外は○,google_play_android
胡瓜9ri,2020-12-05,2020,39,最近、何度も勝手にログアウトさせられていてその度にログインさせられます。いつまで経っても治らずとても不愉快です。早めの対応をお願いします。,google_play_android
machamacha haru,2020-12-05,2020,1,ファッションの教科書的存在です！,google_play_android
t takahashi,2020-11-30,2020,2,投稿できない、重い,google_play_android
よし子,2020-11-13,2020,18,投稿しやすいし このアプリのお陰で自分がどんな服を持っているのか、どんな服が似合うのかが俯瞰して見られるようになりました。 無駄買いせずに済んでます。 感謝しかありません。,google_play_android
まつたに,2020-10-21,2020,0,毎日のコーデの参考にしています。,google_play_android
りょさん,2020-10-19,2020,11,検索したコーディネートが全部No imageになる。アプリ立ち上げ時のピックアップコーデだけは写って、他のページは全滅。更新もちゃんとかけてるのに意味がわからない,google_play_android
しばっち（しばっち）,2020-10-19,2020,4,着こなし、参考になってたすかりますいつもたのしみに、はいけんしてます,google_play_android
rie k,2020-10-18,2020,15,楽しく使わせてもらっています。ただ時々、コメントの送信をしても出来ないときがあります。他の人には出来るのにその人にだけ、アプリを立ち上げ直しても、アンイン→再インストールしても出来ない、なのに翌日には普通に出来る、と言うことがあるので直して欲しいです。,google_play_android
Ken Tatsumi,2020-10-16,2020,0,よい,google_play_android
Yosuke official,2020-10-10,2020,3,ないすー,google_play_android
藤﨑玄気,2020-10-10,2020,2,僕は中学生で投稿してみたら意外と見てくれて嬉しかった,google_play_android
K KT,2020-10-08,2020,3,楽しくコーデ写真をあげられるので気に入ってます,google_play_android
TAKESHI TERADA,2020-10-07,2020,3,コーディネート毎日のことなので、こんなんなんぼあってもいいですよね。,google_play_android
杉本陽子,2020-10-05,2020,10,他のコーデアプリよりレベルが高いので参考になるしコーデ投稿も楽しい。 ただ…投稿画像サイズをもっと拡大してほしい。 ので…星4つ,google_play_android
大志,2020-10-04,2020,8,元々の写真とるときに近すぎるとトリミングをミスしてしまうのでトリミングするときに画像を拡大や縮小できればいいなと思った。,google_play_android
高林侑真,2020-10-03,2020,2,とてもよき。,google_play_android
M Nishi,2020-09-30,2020,0,ファッションに対するモチベーションがあがりました。,google_play_android
tttt12neo,2020-09-29,2020,2,saveボタンが右下にでてこないのですが、私だけでしょうか。 以前は保存できていたのですが、、,google_play_android
Kai,2020-09-21,2020,3,とても操作もしやすくいいです,google_play_android
チョコのプール,2020-09-14,2020,9,合わせたいアイテムのコーディネートをすぐに検索できて、便利なので、とても重宝しています👕✨,google_play_android
ロウソク画像,2020-08-28,2020,1,黒スキニー履きすぎ,google_play_android
ぴーなっつ,2020-08-27,2020,2,開けない,google_play_android
R,2020-08-25,2020,4,ブロックしたアカウントをいかなる場所でも非表示にできないのでしょうか。,google_play_android
Genota Genota,2020-08-23,2020,0,投稿本文だけをを編集するときが若干手間かかる。,google_play_android
Ami As,2020-08-02,2020,0,先週から全く開けません。 困ってます。,google_play_android
川原愛,2020-07-25,2020,14,このアプリで服の基礎が少しわかったのですごくこのアプリに感謝してます。,google_play_android
A M,2020-07-19,2020,1,開けなくて困ります,google_play_android
dog skysunnysea,2020-07-16,2020,3,誰でも投稿できるし、いいねがすぐつくのでそれが嬉しいです！みなさんの参考にさせていただいてます！,google_play_android
中井想人,2020-07-09,2020,25,自分がしたいファッションなどを調べたりできてとても参考にしやすいです！でも、おすすめのコーデの所で気になった服をタップすると強制的にアプリが落ちるのでそこをなおしてもらえると助かります。。,google_play_android
yu yu,2020-07-01,2020,2,楽しいし、参考になる！,google_play_android
you,2020-06-30,2020,8,色々な人のコーディネートが見れ そのまま購入も出来るのが凄いです。,google_play_android
ぽちた,2020-06-30,2020,0,参考になります🙇,google_play_android
Mayumi Koga,2020-06-29,2020,3,似たような服装ばかりで参考にならなかった,google_play_android
amrk,2020-06-27,2020,28,すごく参考にしています。 改善希望は、お気に入りといいねが間違えやすいです。 zozoで購入を押した後、アプリが起動しないので再度アプリで調べるのが手間です。,google_play_android
渡邊姫華,2020-06-23,2020,5,とても使いやすい！ 色々な人のコーデが見れる！,google_play_android
kou sei,2020-06-21,2020,0,とても参考になります,google_play_android
Ayaka Aloe,2020-06-20,2020,1,アイテム検索で、ブランド、カテゴリ、色だけで探すと件数が多すぎたりで大変なので、詳しい検索条件をつけてほしいです。,google_play_android
Redecor Lover,2020-06-19,2020,1,毎日楽しんでいます♪有難う😉👍🎶,google_play_android
Newto,2020-06-18,2020,0,皆おしゃれすぎてついていけない。,google_play_android
YOU,2020-06-15,2020,5,見やすい,google_play_android
ican fry,2020-06-03,2020,11,服を選ぶ際、凄く参考になります。 欠点といえばボタンの位置がわかりづらい、くらい。,google_play_android
坂東義人,2020-05-27,2020,1,参考になります。,google_play_android
kuro san,2020-05-24,2020,4,まだ始めたばかりなので、使いこなせる様になれたら、いいなぁと思います。,google_play_android
みくりやひろかず,2020-05-22,2020,0,いつも楽しんでいます！,google_play_android
alice alice,2020-05-16,2020,8,着用アイテムをクリックしても、そのアイテムを使った他のコーディネートの投稿が表示されなくなった。これじゃ使えない。,google_play_android
わわ,2020-05-08,2020,2,人気順にするといいね全然ついてないクソダサコーデばっか上にくるんですが何故なんでしょうか。 あとハッシュタグじゃない普通のキーワード検索できるようにして欲しいです。,google_play_android
Yoshiki Nakamoto,2020-05-02,2020,1,楽しい❗,google_play_android
HISA TEZU,2020-04-29,2020,3,まったくアプリが開けません！ アンインストールしても、開きません！ 使えません！！！,google_play_android
Googleユーザー,2020-04-18,2020,3,暇さえあれば見てるwww,google_play_android
Googleユーザー,2020-04-13,2020,9,開けない。。XPERIA5です,google_play_android
Googleユーザー,2020-04-11,2020,1,たのしい,google_play_android
Googleユーザー,2020-04-09,2020,2,アプリの更新が終わらず、開けなくなりました,google_play_android
Googleユーザー,2020-04-07,2020,0,とても参考になる,google_play_android
Googleユーザー,2020-04-06,2020,2,アップデートしたら、見にくくなった。参考にならない,google_play_android
Googleユーザー,2020-04-06,2020,5,特集とか要りません。オンオフ出来る機能がほしい。,google_play_android
Googleユーザー,2020-04-05,2020,0,すごく参考になりますが、使いづらい点があります!,google_play_android
Googleユーザー,2020-04-04,2020,37,生年月日登録の際にカレンダーを300ヶ月以上遡らないといけないと仰っている方がいますが、普通に年のところタップすれば一覧が出てくるので秒で設定できます。これはこのアプリ固有のものではなくそういうものです。,google_play_android
Googleユーザー,2020-03-30,2020,3,いつも楽しく使ってます！ ありがとうございます！,google_play_android
Googleユーザー,2020-03-28,2020,1,色々がとてもタイムリーで楽しめる。,google_play_android
Googleユーザー,2020-03-26,2020,0,最高,google_play_android
Googleユーザー,2020-03-24,2020,13,久しぶりにアップデートしてから使ったらアプリを開いてすぐに検索がしにくくなってた、iOS版と同じく下にタブを作るか上に検索バーを常設してほしい。,google_play_android
Googleユーザー,2020-03-24,2020,0,使い勝手がいいがもう少しわかりやすくして欲しい,google_play_android
Googleユーザー,2020-03-22,2020,0,良き,google_play_android
Googleユーザー,2020-03-21,2020,0,色々見れて楽しい🎶,google_play_android
Googleユーザー,2020-03-18,2020,7,とてもいいです！ オシャレな人を参考にすることもできるし、自分のファッションをみんなにひろめることもできます！ 要望 全ての欄に置いて、タップして開かなくてもいいねができるようにして欲しいです！,google_play_android
Googleユーザー,2020-03-17,2020,0,参考になります,google_play_android
Googleユーザー,2020-03-17,2020,1,最新版にさせてー,google_play_android
Googleユーザー,2020-03-16,2020,1,よきですー,google_play_android
Googleユーザー,2020-03-16,2020,6,指定したユーザーの投稿を非表示にする機能が欲しい ブロックで消えるかと思いきや消えないので何の意味もない きたねぇジジイとか女装癖の青ヒゲカマ野郎が表示されちゃうの本当に不快すぎる,google_play_android
Googleユーザー,2020-03-15,2020,18,無料のマネキンアプリと見ればとてもいい。 生年月日の設定画面、じゃらんの宿泊日設定画面めいたカレンダーが出てきて３００ヶ月以上遡らないと自分の年齢にたどり着けないのが狂気すぎる。 想定ユーザが０歳とか１歳なんだろうか？,google_play_android
Googleユーザー,2020-03-15,2020,3,はじめてのwearアプリですが、とてもいいです‼自分が探している物が見つかりやすい‼,google_play_android
Googleユーザー,2020-03-05,2020,44,新規会員登録ができません。 「ご利用の地域では新規会員登録ができません」というメッセージが表示されます。 地域によって会員登録できる／できないがあるのでしたら仕方ないですが、どういう地域では登録できないのか不明確です。 この件に関して、アプリ内の問い合わせから連絡しましたが一向に音沙汰無しです。 機能を使いこなせたら非常に便利なアプリだと思いますが、使いこなせる段階に行き着けないのが残念です。,google_play_android
Googleユーザー,2020-03-03,2020,0,おしゃれが楽しくなります🎵,google_play_android
Googleユーザー,2020-03-02,2020,7,画面が真っ白何もうつらない,google_play_android
Googleユーザー,2020-02-26,2020,1,参考になるし、楽しいです!,google_play_android
Googleユーザー,2020-02-13,2020,3,強制的に音の出る広告はさすがかにない,google_play_android
Googleユーザー,2020-02-08,2020,4,音の出る広告やめてほしい,google_play_android
Googleユーザー,2020-01-19,2020,10,良いアプリだとおもいます。ただ、プロフィール設定したのに通知の設定をしようとすると「変更に失敗しました」と表示されて、通知を受け取ることができません。,google_play_android
